frame_id,timestamp,success,center_u_mean,center_v_mean,center_u_mid,center_v_mid,roll_euler,pitch_euler,yaw_euler,roll_tilt,pitch_tilt,yaw_tilt,pitch_tilt_mod90,yaw_tilt_mod90,reprojection_error_mean,reprojection_error_max,has_tilt,roll_offset,pitch_offset,pitch_offset_mod90,yaw_offset,yaw_offset_mod90
frame_000000,1763366498.8245263,True,753.93994140625,394.79736328125,755.0474243164062,394.9680480957031,-179.63246200509255,-2.183664852587242,0.8926740876707981,177.82232190838232,89.59820426795505,0.8926740876707981,-0.40179573204494545,0.8926740876707981,0.0641314834356308,0.40003636479377747,True,177.82232190838232,89.59820426795505,-0.40179573204494545,0.8926740876707981,0.8926740876707981
frame_000001,1763366498.9146278,True,753.9293823242188,394.8802185058594,755.0408935546875,395.01751708984375,-177.81842863147503,0.35768048324021606,-89.08983304198512,177.82433467786274,89.60769500009826,-89.08983304198512,-0.3923049999017394,0.9101669580148837,0.06446362286806107,0.3990202844142914,True,177.82433467786274,89.60769500009826,-0.3923049999017394,-89.08983304198512,0.9101669580148837
frame_000002,1763366499.0137706,True,753.9312744140625,394.99798583984375,755.0486450195312,395.1417236328125,-2.184053491992472,-0.3503827072298975,90.91429277054391,-2.17823355052775,-90.38520458062384,90.91429277054391,-0.3852045806238351,0.9142927705439092,0.06370409578084946,0.40408560633659363,True,-2.17823355052775,-90.38520458062384,-0.3852045806238351,90.91429277054391,0.9142927705439092
frame_000003,1763366499.113339,True,753.9031372070312,395.07525634765625,754.9961547851562,395.24700927734375,-2.181254860457841,-0.3548813278549403,90.91826668494105,-2.1753375791186613,-90.38980883265256,90.91826668494105,-0.3898088326525624,0.9182666849410452,0.06059204041957855,0.3823016583919525,True,-2.1753375791186613,-90.38980883265256,-0.3898088326525624,90.91826668494105,0.9182666849410452
frame_000004,1763366499.2135253,True,753.8965454101562,395.08538818359375,755.003662109375,395.23223876953125,-2.1803393427549906,-0.341779577489433,90.91593011587287,-2.1746441398346974,-90.37660540293118,90.91593011587287,-0.37660540293117606,0.9159301158728681,0.0629180297255516,0.40279725193977356,True,-2.1746441398346974,-90.37660540293118,-0.37660540293117606,90.91593011587287,0.9159301158728681
frame_000005,1763366499.3135386,True,753.9398193359375,395.1213684082031,755.0350341796875,395.2762145996094,-2.1794861065790485,-0.3427412402060668,90.91970259842316,-2.1737510301722978,-90.37769646821656,90.91970259842316,-0.37769646821655556,0.9197025984231573,0.061646927148103714,0.3685514032840729,True,-2.1737510301722978,-90.37769646821656,-0.37769646821655556,90.91970259842316,0.9197025984231573
frame_000006,1763366499.4240768,True,753.8871459960938,395.1205139160156,754.9786376953125,395.2823791503906,-177.8112122569095,0.3483804966384412,-89.08334267248351,177.81701703503916,89.61663158545508,-89.08334267248351,-0.3833684145449183,0.9166573275164893,0.060779113322496414,0.40973103046417236,True,177.81701703503916,89.61663158545508,-0.3833684145449183,-89.08334267248351,0.9166573275164893
frame_000007,1763366499.524126,True,753.869384765625,395.0688781738281,754.975341796875,395.206298828125,0.3416449904817114,-2.181791241823248,0.8770092850162712,-2.1763103583111274,-90.37526234457054,0.8770092850162712,-0.37526234457054386,0.8770092850162712,0.06299634277820587,0.3960737884044647,True,-2.1763103583111274,-90.37526234457054,-0.37526234457054386,0.8770092850162712,0.8770092850162712
frame_000008,1763366499.6140735,True,753.939697265625,395.04351806640625,755.034423828125,395.20416259765625,-2.1805071161163028,-0.34567465373473283,90.8856587574241,-2.174951050774382,-90.37935310039808,90.8856587574241,-0.37935310039807746,0.8856587574240962,0.06004150211811066,0.4448690712451935,True,-2.174951050774382,-90.37935310039808,-0.37935310039807746,90.8856587574241,0.8856587574240962
frame_000009,1763366499.7137766,True,753.9341430664062,394.9835205078125,755.0093994140625,395.1473693847656,2.18178675192587,0.35830156680705727,-89.11674900085998,-2.1760550641513134,-90.39190677821726,-89.11674900085997,-0.39190677821726183,0.8832509991400315,0.061372242867946625,0.45183196663856506,True,-2.1760550641513134,-90.39190677821726,-0.39190677821726183,-89.11674900085997,0.8832509991400315
frame_000010,1763366499.8149402,True,753.9300537109375,394.8331298828125,755.0185546875,394.9676513671875,0.3563488082328945,-2.1813425449590795,0.8352278279661789,2.1759201978308056,90.3883806917314,0.8352278279661789,0.388380691731399,0.8352278279661789,0.06813346594572067,0.41470444202423096,True,2.1759201978308056,90.3883806917314,0.388380691731399,0.8352278279661789,0.8352278279661789
frame_000011,1763366499.915019,True,753.9620971679688,394.7901611328125,755.0765380859375,394.92596435546875,-2.177187187537072,-0.3641786770338058,90.83739954027959,-2.171683984782476,-90.39597363146281,90.83739954027959,-0.39597363146280884,0.8373995402795913,0.05830974876880646,0.37927865982055664,True,-2.171683984782476,-90.39597363146281,-0.39597363146280884,90.83739954027959,0.8373995402795913
frame_000012,1763366500.0250895,True,753.8607788085938,394.713623046875,754.9761352539062,394.86419677734375,0.34946916282586926,-2.1891594399664314,0.805456438566182,2.1840342170776523,90.3804774746535,0.8054564385661536,0.3804774746535031,0.8054564385661536,0.0685570165514946,0.41497015953063965,True,2.1840342170776523,90.3804774746535,0.3804774746535031,0.8054564385661536,0.8054564385661536
frame_000013,1763366500.1141534,True,757.8726806640625,395.3277893066406,758.1810913085938,395.3289794921875,178.90883382949812,-1.7091710353543874,0.3566636346490668,178.2840718688019,91.08099180923375,0.3566636346490668,1.0809918092337512,0.3566636346490668,1.7134743928909302,5.499339580535889,True,178.2840718688019,91.08099180923375,1.0809918092337512,0.3566636346490668,0.3566636346490668
frame_000014,1763366500.2249036,True,780.8353881835938,395.96868896484375,781.02685546875,395.8815612792969,-1.3760584864864143,0.16088165489131256,0.26646517527089486,-0.1544791028070165,88.62320318755795,0.2664651752709233,-1.376796812442052,0.2664651752709233,1.8585039377212524,6.335525989532471,True,-0.1544791028070165,88.62320318755795,-1.376796812442052,0.2664651752709233,0.2664651752709233
frame_000015,1763366500.3245733,True,802.1312255859375,396.68017578125,801.1663208007812,396.5142517089844,177.96319567909063,1.8997105216930095,0.09375434198506127,-178.10362446438882,92.04102646552906,0.09375434198506127,2.0410264655290575,0.09375434198506127,2.51813006401062,8.007142066955566,True,-178.10362446438882,92.04102646552906,2.0410264655290575,0.09375434198506127,0.09375434198506127
frame_000016,1763366500.4149702,True,827.5820922851562,397.22698974609375,825.3287963867188,397.1122741699219,-1.9833163268653493,3.892824963883953,0.09258756870150364,3.8896210470490473,-88.00581069874752,0.09258756870150364,1.9941893012524758,0.09258756870150364,2.4075145721435547,7.614542484283447,True,3.8896210470490473,-88.00581069874752,1.9941893012524758,0.09258756870150364,0.09258756870150364
frame_000017,1763366500.5147772,True,858.7833862304688,397.76220703125,855.304931640625,397.5204772949219,-2.7755867664773177,6.248167930355095,-0.14621260426844174,-6.2551940792486675,87.22383283364461,-0.14621260426844174,-2.7761671663553926,-0.14621260426844174,3.1685991287231445,9.881552696228027,True,-6.2551940792486675,87.22383283364461,-2.7761671663553926,-0.14621260426844174,-0.14621260426844174
frame_000018,1763366500.6150193,True,888.4273681640625,398.0800476074219,883.85498046875,397.87359619140625,-1.8874499367056785,8.494674479127923,0.04341582698444313,-8.493257035431242,88.08515305013776,0.04341582698444313,-1.9148469498622376,0.04341582698444313,2.2408699989318848,7.4566826820373535,True,-8.493257035431242,88.08515305013776,-1.9148469498622376,0.04341582698444313,0.04341582698444313
frame_000019,1763366500.7152,True,909.3113403320312,398.3623352050781,903.6953735351562,398.1806640625,178.43002984001765,10.02808962168001,0.10971578471151133,-169.974889566768,91.6136982031328,0.10971578471151133,1.6136982031327989,0.10971578471151133,1.9094732999801636,6.370126724243164,True,-169.974889566768,91.6136982031328,1.6136982031327989,0.10971578471151133,0.10971578471151133
frame_000020,1763366500.825055,True,924.0814819335938,398.3529052734375,917.94970703125,398.30474853515625,169.01896324137925,-0.2281462869619304,-89.52400656698119,-169.0210746229446,90.32049621550073,-89.5240065669812,0.32049621550072516,0.47599343301880026,0.66094970703125,2.6534008979797363,True,-169.0210746229446,90.32049621550073,0.32049621550072516,-89.5240065669812,0.47599343301880026
frame_000021,1763366500.9251597,True,926.5917358398438,398.2032775878906,920.1256103515625,398.2537841796875,-179.67561791212637,11.06587476154246,0.5705984998243991,168.93149007800685,-89.78107863271504,0.5705984998243991,0.21892136728496325,0.5705984998243991,0.25533777475357056,1.082872986793518,True,168.93149007800685,-89.78107863271504,0.21892136728496325,0.5705984998243991,0.5705984998243991
frame_000022,1763366501.0150769,True,927.3604736328125,398.1585388183594,920.7803344726562,398.19439697265625,0.32665460402779445,11.109794248164093,0.5784974242916121,11.112478333685658,-90.21928122410962,0.5784974242916121,-0.21928122410962203,0.5784974242916121,0.2671617269515991,1.2010077238082886,True,11.112478333685658,-90.21928122410962,-0.21928122410962203,0.5784974242916121,0.5784974242916121
frame_000023,1763366501.1151285,True,927.8989868164062,398.0869445800781,921.3240966796875,398.1382141113281,11.144773456663586,-0.42813857151762136,90.52442747256566,11.14839397172318,-90.32480945472861,90.52442747256566,-0.32480945472860867,0.5244274725656624,0.2382514476776123,1.206102728843689,True,11.14839397172318,-90.32480945472861,-0.32480945472860867,90.52442747256566,0.5244274725656624
frame_000024,1763366501.215164,True,927.5596923828125,397.9942932128906,920.9625854492188,398.0722961425781,0.4913285187710983,11.121861605203321,0.6501318991922176,-11.126633786223579,90.37290179072184,0.650131899192246,0.3729017907218406,0.650131899192246,0.23627011477947235,1.1887242794036865,True,-11.126633786223579,90.37290179072184,0.3729017907218406,0.650131899192246,0.650131899192246
frame_000025,1763366501.3151155,True,927.119873046875,398.05487060546875,920.6133422851562,398.1395263671875,11.08042304274528,-0.5233524410337793,90.62894820225142,11.08575547514863,-90.40015471928984,90.62894820225142,-0.40015471928984425,0.6289482022514221,0.22046424448490143,1.1326056718826294,True,11.08575547514863,-90.40015471928984,-0.40015471928984425,90.62894820225142,0.6289482022514221
frame_000026,1763366501.4158947,True,926.9230346679688,398.0295715332031,920.3984985351562,398.1105651855469,0.44795775004459415,11.07009827840767,0.761849444081065,-11.07498927559891,90.30736526339193,0.7618494440810366,0.3073652633919295,0.7618494440810366,0.23807841539382935,1.1342875957489014,True,-11.07498927559891,90.30736526339193,0.3073652633919295,0.7618494440810366,0.7618494440810366
frame_000027,1763366501.5159345,True,926.6084594726562,398.0336608886719,920.138671875,398.18505859375,11.019822660276475,-0.6918754578252049,90.70342498075922,11.027980091348326,-90.55484851173179,90.70342498075922,-0.554848511731791,0.7034249807592232,0.3060135841369629,1.1832141876220703,True,11.027980091348326,-90.55484851173179,-0.554848511731791,90.70342498075922,0.7034249807592232
frame_000028,1763366501.615968,True,925.5977783203125,397.9418640136719,919.2871704101562,398.1085205078125,169.0687324385906,0.6717781344215155,-89.28644537481911,-169.06076113885877,89.46607739222503,-89.28644537481912,-0.5339226077749686,0.7135546251808762,0.2538153827190399,1.0834711790084839,True,-169.06076113885877,89.46607739222503,-0.5339226077749686,-89.28644537481912,0.7135546251808762
frame_000029,1763366501.7159884,True,908.8311157226562,396.6268005371094,903.0657958984375,397.3263244628906,3.6838718956298067,8.677946148350742,1.4998280735770209,-8.770444703087747,93.49715984239093,1.4998280735769924,3.4971598423909285,1.4998280735769924,2.8308026790618896,9.679577827453613,True,-8.770444703087747,93.49715984239093,3.4971598423909285,1.4998280735769924,1.4998280735769924
frame_000030,1763366501.8260021,True,881.9511108398438,395.9393615722656,877.6048583984375,396.4143371582031,-173.01533157131385,-2.7660981223905026,90.96755094891643,-172.96220391592607,87.35270116934282,90.96755094891643,-2.647298830657178,0.9675509489164256,2.0996949672698975,7.086609363555908,True,-172.96220391592607,87.35270116934282,-2.647298830657178,90.96755094891643,0.9675509489164256
frame_000031,1763366501.9161434,True,860.5439453125,395.2589111328125,857.1768798828125,395.6867980957031,2.330356430798531,5.4777088246606525,1.1962458530042284,5.524973689118752,-92.22600027304892,1.1962458530042284,-2.226000273048925,1.1962458530042284,1.715380311012268,5.848878383636475,True,5.524973689118752,-92.22600027304892,-2.226000273048925,1.1962458530042284,1.1962458530042284
frame_000032,1763366502.0160534,True,842.6206665039062,394.6570129394531,840.1041259765625,395.09515380859375,175.88785413969697,2.149393811618097,-88.99858307340968,-175.84820758758153,87.92287907557801,-88.99858307340966,-2.0771209244219904,1.0014169265903377,1.5787817239761353,5.378243446350098,True,-175.84820758758153,87.92287907557801,-2.0771209244219904,-88.99858307340966,1.0014169265903377
frame_000033,1763366502.1159132,True,825.8651123046875,394.2431945800781,824.1176147460938,394.5888366699219,177.1878128520982,1.95172753528729,-88.98963960221114,-177.1522753265561,88.09817607814608,-88.98963960221114,-1.901823921853918,1.0103603977888582,1.4279730319976807,4.816727638244629,True,-177.1522753265561,88.09817607814608,-1.901823921853918,-88.98963960221114,1.0103603977888582
frame_000034,1763366502.2161262,True,809.2730102539062,393.9409484863281,807.9700317382812,394.26171875,178.5606206986456,1.9580143466151299,-88.92428430951266,-178.5232842472142,88.06934326001777,-88.92428430951267,-1.9306567399822256,1.0757156904873284,1.5616213083267212,5.296421527862549,True,-178.5232842472142,88.06934326001777,-1.9306567399822256,-88.92428430951267,1.0757156904873284
frame_000035,1763366502.3161592,True,787.5184936523438,393.7817687988281,787.9049682617188,394.0740966796875,-0.9302264675646654,-3.162216240573315,91.54854721839104,-0.8457827065531944,-93.18616547398888,91.54854721839109,-3.186165473988879,1.5485472183910929,2.978707790374756,10.286717414855957,True,-0.8457827065531944,-93.18616547398888,-3.186165473988879,91.54854721839109,1.5485472183910929
frame_000036,1763366502.4161115,True,730.9869384765625,393.9920959472656,733.6566772460938,394.2619323730469,7.275013438733282,-8.498107123864656,2.6225244283908467,-8.158039949651197,-97.73224378242442,2.6225244283908467,-7.732243782424419,2.6225244283908467,7.364939212799072,29.76040267944336,True,-8.158039949651197,-97.73224378242442,-7.732243782424419,2.6225244283908467,2.6225244283908467
frame_000037,1763366502.5161693,True,666.71826171875,393.9865417480469,670.0311889648438,394.0491943359375,-10.154873171962919,-1.6864315164854986,91.64086762721712,-10.108293322782231,-91.97943091970657,91.64086762721712,-1.979430919706573,1.6408676272171192,2.4841971397399902,10.649263381958008,True,-10.108293322782231,-91.97943091970657,-1.979430919706573,91.64086762721712,1.6408676272171192
frame_000038,1763366502.6161592,True,662.7645263671875,394.17132568359375,667.8260498046875,394.3000793457031,-9.801578066279802,-0.3138830697982087,90.77596655116736,-9.796713077780623,-90.44790092026759,90.77596655116736,-0.44790092026758543,0.7759665511673575,0.04856281727552414,0.22466982901096344,True,-9.796713077780623,-90.44790092026759,-0.44790092026758543,90.77596655116736,0.7759665511673575
frame_000039,1763366502.7164834,True,662.6939086914062,394.192138671875,667.786376953125,394.3074951171875,-9.799814899532265,-0.3171157770968307,90.77275759560206,-9.794934985472707,-90.45055472655157,90.77275759560206,-0.450554726551573,0.7727575956020587,0.051503736525774,0.2503702938556671,True,-9.794934985472707,-90.45055472655157,-0.450554726551573,90.77275759560206,0.7727575956020587
frame_000040,1763366502.8159623,True,661.6942138671875,394.2220458984375,666.9148559570312,394.3550720214844,-179.5144534317067,-9.941315221337987,0.7852868113228624,170.06615489948217,89.36947805456094,0.7852868113228624,-0.6305219454390567,0.7852868113228624,0.2809394896030426,1.0991274118423462,True,170.06615489948217,89.36947805456094,-0.6305219454390567,0.7852868113228624,0.7852868113228624
frame_000041,1763366502.9162586,True,655.3552856445312,394.2059020996094,660.970458984375,394.3093566894531,-178.97257297946823,-10.69243192135184,1.025080094147512,169.32730466135854,88.76112691635274,1.025080094147512,-1.2388730836472632,1.025080094147512,1.1537867784500122,3.8369734287261963,True,169.32730466135854,88.76112691635274,-1.2388730836472632,1.025080094147512,1.025080094147512
frame_000042,1763366503.01646,True,638.4559936523438,394.20013427734375,644.8053588867188,394.24444580078125,-12.395326537809382,-1.5788874633687158,91.6466174120377,-12.351629719534117,-91.93987266467175,91.6466174120377,-1.9398726646717535,1.646617412037699,2.1745545864105225,7.527924060821533,True,-12.351629719534117,-91.93987266467175,-1.9398726646717535,91.6466174120377,1.646617412037699
frame_000043,1763366503.117048,True,610.7177124023438,394.2831115722656,618.2518920898438,394.2402648925781,-15.096577107846485,-2.118546033430988,92.21096444985994,-15.019448588267949,-92.71258781568754,92.21096444985994,-2.7125878156875416,2.2109644498599437,3.3916423320770264,12.234285354614258,True,-15.019448588267949,-92.71258781568754,-2.7125878156875416,92.21096444985994,2.2109644498599437
frame_000044,1763366503.2170985,True,580.7799072265625,393.9839782714844,589.0580444335938,393.8987121582031,163.1248273806184,-1.1680624145327272,91.60341408631518,163.15769209190137,88.34625933015383,91.60341408631524,-1.6537406698461723,1.6034140863152402,2.0447893142700195,7.695055961608887,True,163.15769209190137,88.34625933015383,-1.6537406698461723,91.60341408631524,1.6034140863152402
frame_000045,1763366503.3171208,True,569.7787475585938,393.85528564453125,578.8933715820312,393.87835693359375,-162.61775794343237,0.5484528914226416,-88.97111465026269,162.62861362348076,89.12960534813897,-88.97111465026268,-0.8703946518610337,1.0288853497373225,0.6608777046203613,2.513259172439575,True,162.62861362348076,89.12960534813897,-0.8703946518610337,-88.97111465026268,1.0288853497373225
frame_000046,1763366503.4170551,True,562.9208374023438,393.87066650390625,572.41845703125,393.8715515136719,-17.96683850042521,-0.6106823196328719,91.10532979738662,-17.954004212507016,-90.9689338318542,91.10532979738662,-0.9689338318542013,1.1053297973866165,0.8585876226425171,3.240817070007324,True,-17.954004212507016,-90.9689338318542,-0.9689338318542013,91.10532979738662,1.1053297973866165
frame_000047,1763366503.5172708,True,555.1165771484375,393.7986755371094,564.978515625,393.8079528808594,0.6266992216965548,-18.576250002145912,0.8965696025957755,18.56483530955836,90.96230245348478,0.8965696025957755,0.9623024534847815,0.8965696025957755,0.8242171406745911,3.1987063884735107,True,18.56483530955836,90.96230245348478,0.9623024534847815,0.8965696025957755,0.8965696025957755
frame_000048,1763366503.6278815,True,546.6727905273438,393.66656494140625,556.8871459960938,393.6548156738281,-160.70910561528746,0.613942089499119,-88.87933112993872,160.72219592690476,88.99400500477043,-88.87933112993872,-1.005994995229571,1.1206688700612801,0.8939473628997803,3.2162184715270996,True,160.72219592690476,88.99400500477043,-1.005994995229571,-88.87933112993872,1.1206688700612801
frame_000049,1763366503.7171965,True,539.8872680664062,393.5452880859375,550.4495849609375,393.5442810058594,-19.769983570420266,-0.5204017937970491,90.99393171237165,-19.759996460579913,-90.87751534926981,90.99393171237165,-0.8775153492698138,0.9939317123716478,0.6043298840522766,2.4571235179901123,True,-19.759996460579913,-90.87751534926981,-0.8775153492698138,90.99393171237165,0.9939317123716478
frame_000050,1763366503.8172016,True,535.2720947265625,393.5010986328125,546.0647583007812,393.5083312988281,-20.098963893116178,-0.4698266445490731,90.91504021621148,-20.090609919031778,-90.80455980109141,90.91504021621142,-0.8045598010914148,0.9150402162114233,0.45326924324035645,1.9964618682861328,True,-20.090609919031778,-90.80455980109141,-0.8045598010914148,90.91504021621142,0.9150402162114233
frame_000051,1763366503.92707,True,532.6876220703125,393.46844482421875,543.67529296875,393.4876708984375,-159.74297268795522,0.36926934452466753,-89.21183291171477,159.74881793425016,89.33991279861715,-89.21183291171477,-0.6600872013828507,0.7881670882852347,0.20654486119747162,1.309533953666687,True,159.74881793425016,89.33991279861715,-0.6600872013828507,-89.21183291171477,0.7881670882852347
frame_000052,1763366504.0273979,True,531.5926513671875,393.5047302246094,542.5769653320312,393.5514221191406,-159.69096078809315,0.32429091779997066,-89.28298422496755,159.69569190771585,89.4103937070634,-89.28298422496755,-0.589606292936594,0.7170157750324506,0.11709889769554138,0.9057320952415466,True,159.69569190771585,89.4103937070634,-0.589606292936594,-89.28298422496755,0.7170157750324506
frame_000053,1763366504.1173418,True,531.5907592773438,393.5625915527344,542.5895385742188,393.6002197265625,-20.301247818117787,-0.3047429984918324,90.69373100683242,-20.296899205650675,-90.56133900069834,90.69373100683242,-0.5613390006983394,0.6937310068324223,0.12522748112678528,0.8382840752601624,True,-20.296899205650675,-90.56133900069834,-0.5613390006983394,90.69373100683242,0.6937310068324223
frame_000054,1763366504.218119,True,531.7371826171875,393.6820373535156,542.7661743164062,393.7388000488281,-20.2883402841249,-0.3061175092491055,90.6814344659644,-20.284085244934317,-90.55799141468349,90.6814344659644,-0.5579914146834852,0.6814344659644007,0.12676379084587097,0.8112204670906067,True,-20.284085244934317,-90.55799141468349,-0.5579914146834852,90.6814344659644,0.6814344659644007
frame_000055,1763366504.3180807,True,532.0588989257812,393.63555908203125,543.0641479492188,393.6534423828125,-20.26114339771425,-0.289288307150656,90.67871622300413,-20.25705871593243,-90.53979344497988,90.67871622300413,-0.5397934449798782,0.6787162230041304,0.12802058458328247,0.7915281057357788,True,-20.25705871593243,-90.53979344497988,-0.5397934449798782,90.67871622300413,0.6787162230041304
frame_000056,1763366504.417156,True,533.5670776367188,393.6422424316406,544.588134765625,393.727294921875,0.2270050301570734,-20.04193938294165,0.5944462272101987,20.038733981730843,90.45846636234323,0.5944462272101987,0.45846636234323057,0.5944462272101987,0.2833593487739563,1.721618890762329,True,20.038733981730843,90.45846636234323,0.45846636234323057,0.5944462272101987,0.5944462272101987
frame_000057,1763366504.5170915,True,534.0880737304688,393.04486083984375,545.4900512695312,393.19537353515625,19.763003794800397,0.3198814756095487,-88.80615114794027,-19.75342672254041,-90.74868983559875,-88.80615114794027,-0.7486898355987535,1.1938488520597303,0.45674020051956177,2.118309497833252,True,-19.75342672254041,-90.74868983559875,-0.7486898355987535,-88.80615114794027,1.1938488520597303
frame_000058,1763366504.6171138,True,533.01904296875,392.38916015625,544.1748657226562,392.5779113769531,-19.955236848956986,-0.27786267258039743,91.63200201035801,-19.941004110131928,-90.87016870533168,91.63200201035801,-0.8701687053316789,1.6320020103580077,0.26579147577285767,1.3845207691192627,True,-19.941004110131928,-90.87016870533168,-0.8701687053316789,91.63200201035801,1.6320020103580077
frame_000059,1763366504.7171395,True,535.0338745117188,392.2215270996094,546.0980224609375,392.4331970214844,0.1717649018661973,-19.821057191393493,1.8097688330461494,19.806835957497555,90.83463200740069,1.809768833046121,0.8346320074006854,1.809768833046121,0.39514464139938354,1.939724087715149,True,19.806835957497555,90.83463200740069,0.8346320074006854,1.809768833046121,1.809768833046121
frame_000060,1763366504.817649,True,537.5809326171875,391.90948486328125,548.6361694335938,392.243896484375,0.12311144387271611,-19.465532634822324,2.4116607852941456,19.44470112677641,90.98249290550402,2.4116607852941456,0.9824929055040172,2.4116607852941456,0.4828936755657196,2.551016330718994,True,19.44470112677641,90.98249290550402,0.9824929055040172,2.4116607852941456,2.4116607852941456
frame_000061,1763366504.9272883,True,539.9691162109375,391.57659912109375,550.9267578125,391.9945983886719,-160.60605447394838,0.15122269028151436,-86.89219570359505,160.63968702950973,88.75566608450788,-86.89219570359505,-1.2443339154921205,3.10780429640495,0.3567492663860321,1.9442822933197021,True,160.63968702950973,88.75566608450788,-1.2443339154921205,-86.89219570359505,3.10780429640495
frame_000062,1763366505.017524,True,540.4210205078125,390.96502685546875,551.3410034179688,391.4720764160156,-19.337447573384367,-0.1833719942538039,93.67863326296413,-19.290165004750293,-91.47272906354058,93.67863326296413,-1.4727290635405836,3.6786332629641265,0.32420971989631653,1.662016749382019,True,-19.290165004750293,-91.47272906354058,-1.4727290635405836,93.67863326296413,3.6786332629641265
frame_000063,1763366505.1175992,True,541.2324829101562,390.04058837890625,552.1497192382812,390.693359375,-19.139436616698873,-0.19252683523356495,94.26753435796684,-19.077522261470335,-91.67121560525057,94.26753435796684,-1.6712156052505662,4.267534357966838,0.424685001373291,1.9339995384216309,True,-19.077522261470335,-91.67121560525057,-1.6712156052505662,94.26753435796684,4.267534357966838
frame_000064,1763366505.2176027,True,542.137451171875,385.8294372558594,552.94677734375,387.26385498046875,-161.26595268658667,1.2432723207651577,-84.70639785638528,161.4392575782574,86.97149814065847,-84.70639785638528,-3.0285018593415316,5.29360214361472,1.333788275718689,4.593133926391602,True,161.4392575782574,86.97149814065847,-3.0285018593415316,-84.70639785638528,5.29360214361472
frame_000065,1763366505.3178303,True,540.075927734375,363.16650390625,550.9423217773438,365.15478515625,-161.69915231081373,3.4444331252188647,-83.8546512941687,162.10026883367817,84.55541897945773,-83.8546512941687,-5.444581020542273,6.145348705831296,3.1025965213775635,8.700606346130371,True,162.10026883367817,84.55541897945773,-5.444581020542273,-83.8546512941687,6.145348705831296
frame_000066,1763366505.4179084,True,537.5687255859375,337.6484069824219,548.55859375,340.5527648925781,-19.03087999678047,-4.605424918101306,96.6165067237381,-18.493100836536343,-96.8365409780337,96.6165067237381,-6.836540978033696,6.616506723738098,2.0167033672332764,5.437459468841553,True,-18.493100836536343,-96.8365409780337,-6.836540978033696,96.6165067237381,6.616506723738098
frame_000067,1763366505.5182648,True,627.1439819335938,318.1793212890625,616.9420166015625,301.55072021484375,-132.29114817758543,4.87967430489374,-79.21788106449335,133.11999238013152,73.81356773558792,-79.21788106449335,-16.186432264412076,10.782118935506645,20.627119064331055,66.41993713378906,True,133.11999238013152,73.81356773558792,-16.186432264412076,-79.21788106449335,10.782118935506645
frame_000068,1763366505.6283767,True,628.2936401367188,309.7885437011719,618.1127319335938,292.12255859375,-47.689474280591355,-5.444954545113205,101.34218928525331,-46.756174984885774,-107.24920090126749,101.34218928525331,-17.249200901267486,11.342189285253312,20.438379287719727,65.16558837890625,True,-46.756174984885774,-107.24920090126749,-17.249200901267486,101.34218928525331,11.342189285253312
frame_000069,1763366505.718291,True,612.58251953125,305.6520080566406,614.7320556640625,319.5646057128906,-45.1617917896331,-10.255263978366145,106.18002092728534,-42.95644164551322,-114.63345054195648,106.1800209272854,-24.633450541956478,16.180020927285398,18.676498413085938,61.1365966796875,True,-42.95644164551322,-114.63345054195648,-24.633450541956478,106.1800209272854,16.180020927285398
frame_000070,1763366505.8192906,True,627.6368408203125,297.1839904785156,618.7860717773438,280.6517333984375,-48.42837069338265,-6.4135889325566495,102.25079410886235,-47.33092371726747,-109.32017145712358,102.25079410886235,-19.32017145712358,12.250794108862351,20.920061111450195,67.34679412841797,True,-47.33092371726747,-109.32017145712358,-19.32017145712358,102.25079410886235,12.250794108862351
frame_000071,1763366505.9185367,True,620.392578125,308.28228759765625,608.9609985351562,314.40447998046875,-42.884927425071965,-7.6844248275111795,104.87826443348615,-41.05970967488145,-110.35696215376284,104.87826443348615,-20.356962153762836,14.878264433486152,17.208162307739258,46.925235748291016,True,-41.05970967488145,-110.35696215376284,-20.356962153762836,104.87826443348615,14.878264433486152
frame_000072,1763366506.0182226,True,630.3253173828125,302.4377746582031,616.0195922851562,280.6322021484375,-48.18613782526879,-5.8762573743737505,103.58453643122289,-46.88832277466537,-110.00149326527396,103.58453643122289,-20.001493265273965,13.584536431222887,21.026508331298828,67.99764251708984,True,-46.88832277466537,-110.00149326527396,-20.001493265273965,103.58453643122289,13.584536431222887
frame_000073,1763366506.118676,True,630.943359375,313.2198791503906,625.3800048828125,294.3800048828125,-130.94495964178802,4.8720925917565125,-75.27029899934216,132.34916150112844,69.36558166518051,-75.27029899934216,-20.634418334819486,14.72970100065784,22.071352005004883,71.02847290039062,True,132.34916150112844,69.36558166518051,-20.634418334819486,-75.27029899934216,14.72970100065784
frame_000075,1763366506.3191338,True,551.9281005859375,331.01385498046875,543.5372314453125,331.39361572265625,-22.94463731042555,-2.861687492537726,103.53572102801002,-21.820704966493736,-98.40772403806983,103.53572102801002,-8.40772403806983,13.535721028010016,2.3705945014953613,8.023290634155273,True,-21.820704966493736,-98.40772403806983,-8.40772403806983,103.53572102801002,13.535721028010016
frame_000076,1763366506.4192088,True,562.8610229492188,327.82366943359375,580.9338989257812,329.1853942871094,23.267578734393965,3.214167560813763,-76.9533273203545,-22.140452227763177,-98.63886518379708,-76.95332732035449,-8.63886518379708,13.04667267964551,1.4163601398468018,8.319358825683594,True,-22.140452227763177,-98.63886518379708,-8.63886518379708,-76.95332732035449,13.04667267964551
frame_000077,1763366506.5192738,True,612.6770629882812,342.0511474609375,618.1943359375,350.6682434082031,-56.301027714342325,-1.522140781664433,102.74405752370222,-55.54041000650696,-109.63730410330564,102.74405752370222,-19.637304103305638,12.744057523702224,21.290876388549805,60.513099670410156,True,-55.54041000650696,-109.63730410330564,-19.637304103305638,102.74405752370222,12.744057523702224
frame_000078,1763366506.6191998,True,525.6100463867188,366.5184631347656,536.1040649414062,369.04107666015625,-155.59177341385063,-0.06348998264164152,-83.7052501744558,155.71609805426726,87.21452995351177,-83.7052501744558,-2.7854700464882285,6.294749825544201,3.912440776824951,15.202081680297852,True,155.71609805426726,87.21452995351177,-2.7854700464882285,-83.7052501744558,6.294749825544201
frame_000079,1763366506.7194092,True,539.3711547851562,393.5684509277344,548.7227172851562,394.32708740234375,-22.640482346345237,1.0792815130767508,92.92676307242516,-22.664480170359923,-90.1424050013402,92.92676307242516,-0.14240500134019385,2.9267630724251603,3.297692060470581,13.088542938232422,True,-22.664480170359923,-90.1424050013402,-0.14240500134019385,92.92676307242516,2.9267630724251603
frame_000080,1763366506.8186202,True,561.427734375,411.194580078125,570.8016967773438,411.3502502441406,-2.322768388269452,-18.907473919758502,1.0137901634390687,18.94361739068711,87.89197203321763,1.0137901634390687,-2.108027966782373,1.0137901634390687,3.6534321308135986,12.046296119689941,True,18.94361739068711,87.89197203321763,-2.108027966782373,1.0137901634390687,1.0137901634390687
frame_000081,1763366506.9192116,True,697.1463012695312,427.8311462402344,699.4244995117188,422.2924499511719,134.56473272537403,6.642123191539639,88.96581918177571,134.43546221086206,97.68164554371504,88.96581918177571,7.681645543715035,-1.0341808182242858,18.574386596679688,43.831687927246094,True,134.43546221086206,97.68164554371504,7.681645543715035,88.96581918177571,-1.0341808182242858
frame_000082,1763366507.0290875,True,706.0344848632812,430.2235107421875,723.8019409179688,435.3526611328125,-13.418335711824938,-36.29236540796478,0.8291481600499253,36.44862110135517,74.07473745009412,0.8291481600499537,-15.92526254990588,0.8291481600499537,16.89960289001465,49.17347717285156,True,36.44862110135517,74.07473745009412,-15.92526254990588,0.8291481600499537,0.8291481600499537
frame_000083,1763366507.1287885,True,625.9512939453125,470.10101318359375,606.7471313476562,469.10919189453125,-4.365943964721225,8.520324861904527,-3.274672515133034,-8.75359366311335,86.08044041099286,-3.274672515133034,-3.919559589007136,-3.274672515133034,14.901684761047363,31.40048599243164,True,-8.75359366311335,86.08044041099286,-3.919559589007136,-3.274672515133034,-3.274672515133034
frame_000087,1763366507.5294905,True,625.0787963867188,487.90252685546875,641.9945068359375,499.2349853515625,10.509615173503335,3.8755216597700723,-3.3623393617125146,3.246455437309919,-100.73534508540696,-3.3623393617125146,-10.735345085406962,-3.3623393617125146,16.777944564819336,44.45431900024414,True,3.246455437309919,-100.73534508540696,-10.735345085406962,-3.3623393617125146,-3.3623393617125146
frame_000090,1763366507.8195019,True,621.1950073242188,478.3675842285156,614.3186645507812,479.5879211425781,-169.42557920607186,-24.865814357789105,82.89603090613792,-171.64515515330083,64.11048341820418,82.89603090613792,-25.889516581795817,-7.1039690938620765,25.32558250427246,79.58489990234375,True,-171.64515515330083,64.11048341820418,-25.889516581795817,82.89603090613792,-7.1039690938620765
frame_000093,1763366508.1195936,True,752.99169921875,436.093505859375,757.185546875,422.1176452636719,-144.0238611400808,-8.558936636308175,-106.39621790122375,146.50560637702438,109.37154309366849,-106.39621790122374,19.371543093668492,-16.396217901223736,16.462820053100586,50.325416564941406,True,146.50560637702438,109.37154309366849,19.371543093668492,-106.39621790122374,-16.396217901223736
frame_000094,1763366508.220892,True,709.2960815429688,418.5809020996094,697.74755859375,421.5339660644531,-170.52570848177731,-1.0487498013383458,-104.61449807457163,171.0835412032087,93.42378170498654,-104.61449807457163,3.4237817049865384,-14.614498074571628,1.9332391023635864,8.456947326660156,True,171.0835412032087,93.42378170498654,3.4237817049865384,-104.61449807457163,-14.614498074571628
frame_000095,1763366508.330019,True,697.6781616210938,397.1341247558594,685.0093383789062,401.69158935546875,-9.21953529196142,-0.8767189651036915,74.97667338528959,-9.132269545449901,-88.43626658386553,74.97667338528959,1.5637334161344683,-15.023326614710413,2.65962553024292,9.696577072143555,True,-9.132269545449901,-88.43626658386553,1.5637334161344683,74.97667338528959,-15.023326614710413
frame_000096,1763366508.4197204,True,643.2620849609375,387.3736572265625,648.5087890625,386.5189514160156,-2.342841357512782,11.108959520624126,162.71764408557533,-11.30311390140784,-88.93893211406585,162.71764408557533,1.0610678859341505,-17.28235591442467,2.4243483543395996,7.911003112792969,True,-11.30311390140784,-88.93893211406585,1.0610678859341505,162.71764408557533,-17.28235591442467
frame_000097,1763366508.520014,True,644.8700561523438,367.7499694824219,650.184326171875,367.8461608886719,-3.8711882359689014,10.358661158162107,160.68729978128408,-11.04816707017389,-90.2558642138425,160.68729978128408,-0.2558642138425,-19.312700218715918,2.534304141998291,7.08049201965332,True,-11.04816707017389,-90.2558642138425,-0.2558642138425,160.68729978128408,-19.312700218715918
frame_000098,1763366508.6202617,True,645.5358276367188,348.45172119140625,650.7979736328125,349.0792541503906,-174.59084722238165,-9.96925821088368,-21.24791988466444,168.76354278995007,88.51614499344407,-21.24791988466444,-1.4838550065559275,-21.24791988466444,1.9727696180343628,6.237480163574219,True,168.76354278995007,88.51614499344407,-1.4838550065559275,-21.24791988466444,-21.24791988466444
frame_000099,1763366508.7310436,True,651.0028686523438,334.6101989746094,656.4794921875,335.88653564453125,-9.26179758470019,-5.917792967754991,68.13991933828845,-10.799527321279015,-92.0135211436481,68.13991933828845,-2.0135211436481057,-21.86008066171155,1.6700421571731567,4.803135871887207,True,-10.799527321279015,-92.0135211436481,-2.0135211436481057,68.13991933828845,-21.86008066171155
frame_000100,1763366508.8311062,True,655.0110473632812,320.71966552734375,659.2539672851562,322.4689025878906,-6.800909263615409,8.709259984245278,155.24656221220727,-10.73748748968768,-92.60075515864732,155.24656221220732,-2.600755158647317,-24.753437787792677,2.815359592437744,8.117222785949707,True,-10.73748748968768,-92.60075515864732,-2.600755158647317,155.24656221220732,-24.753437787792677
frame_000101,1763366508.920549,True,673.19140625,311.9227294921875,674.6104125976562,307.8325500488281,178.01596009981682,9.983301185359835,154.77608979590656,170.11645124485756,92.47331519677425,154.77608979590656,2.4733151967742515,-25.223910204093443,10.978529930114746,26.049619674682617,True,170.11645124485756,92.47331519677425,2.4733151967742515,154.77608979590656,-25.223910204093443
frame_000106,1763366509.4208393,True,784.5855102539062,355.49810791015625,757.0425415039062,367.3351135253906,47.8056886152078,-21.31276339447055,145.31153814475823,44.84636736837999,-53.07312054949881,145.31153814475823,36.92687945050119,-34.68846185524177,17.243839263916016,54.8222770690918,True,44.84636736837999,-53.07312054949881,36.92687945050119,145.31153814475823,-34.68846185524177
frame_000107,1763366509.5314329,True,773.2780151367188,358.8526611328125,764.6378173828125,345.6864929199219,-178.2796566898489,-3.2583097875438227,-34.34396088574985,176.339398291595,90.41702785521437,-34.34396088574985,0.41702785521437136,-34.34396088574985,2.8326969146728516,8.919797897338867,True,176.339398291595,90.41702785521437,0.41702785521437136,-34.34396088574985,-34.34396088574985
frame_000108,1763366509.6305852,True,807.2151489257812,372.492919921875,806.5319213867188,373.2872314453125,-179.38790620694047,0.2052838874153622,-34.86701548514077,179.81849944421413,89.38043453399001,-34.86701548514077,-0.6195654660099876,-34.86701548514077,1.526227355003357,7.2471160888671875,True,179.81849944421413,89.38043453399001,-0.6195654660099876,-34.86701548514077,-34.86701548514077
frame_000109,1763366509.7206929,True,806.495849609375,360.62298583984375,795.9111328125,347.3222351074219,-1.3407881784974336,0.2523855901163756,144.772666386212,-0.9796169706465889,-90.94979045198669,144.772666386212,-0.9497904519866864,-35.227333613788005,1.627106785774231,7.984803199768066,True,-0.9796169706465889,-90.94979045198669,-0.9497904519866864,144.772666386212,-35.227333613788005
frame_000110,1763366509.8211865,True,821.714599609375,371.2300720214844,809.8965454101562,356.4827575683594,179.41137061939173,-0.22566823429724536,-35.97186764190923,-179.83686727537727,90.6089340110525,-35.97186764190923,0.6089340110524972,-35.97186764190923,2.30590558052063,10.658924102783203,True,-179.83686727537727,90.6089340110525,0.6089340110524972,-35.97186764190923,-35.97186764190923
frame_000111,1763366509.9208074,True,762.6282348632812,300.94488525390625,764.039794921875,277.9147644042969,179.32389035157996,0.5935011859908457,-37.10674352277772,-179.11878866461979,90.18118636683715,-37.10674352277772,0.18118636683715295,-37.10674352277772,2.005732297897339,5.072910308837891,True,-179.11878866461979,90.18118636683715,0.18118636683715295,-37.10674352277772,-37.10674352277772
frame_000113,1763366510.1208045,True,845.3907470703125,336.1028137207031,838.3585205078125,331.2529602050781,173.32990948225927,1.2661579027732444,-36.32427090562413,-175.02230650637438,94.63936635719426,-36.32427090562416,4.6393663571942625,-36.32427090562416,9.265352249145508,27.626100540161133,True,-175.02230650637438,94.63936635719426,4.6393663571942625,-36.32427090562416,-36.32427090562416
frame_000115,1763366510.3209653,True,885.9169311523438,344.3355407714844,877.3071899414062,339.47637939453125,-171.47063497298112,-3.5205511049699396,142.33877918516725,-172.00171481579804,94.6513661849196,142.33877918516725,4.6513661849195955,-37.661220814832745,8.675614356994629,27.905920028686523,True,-172.00171481579804,94.6513661849196,4.6513661849195955,142.33877918516725,-37.661220814832745
frame_000123,1763366511.1222453,True,853.240234375,339.8915710449219,849.5628662109375,340.1077880859375,-166.082087239065,2.401911904893467,51.519754383017926,-167.5783754804799,83.07274901619684,51.519754383017926,-6.927250983803162,-38.480245616982074,4.662062168121338,12.750143051147461,True,-167.5783754804799,83.07274901619684,-6.927250983803162,51.519754383017926,-38.480245616982074
frame_000126,1763366511.4216874,True,759.6708374023438,298.3885192871094,768.2415771484375,302.12359619140625,-170.22653427805707,30.122537209248065,155.8714979519808,155.86260444962397,112.73011496302308,155.8714979519808,22.730114963023084,-24.128502048019186,14.140588760375977,35.44661331176758,True,155.86260444962397,112.73011496302308,22.730114963023084,155.8714979519808,-24.128502048019186
frame_000129,1763366511.7226708,True,784.2373657226562,273.067626953125,811.9729614257812,282.6378479003906,27.055073358408322,5.244432514265469,-24.421331003915668,-7.320788007457537,-116.79129256882402,-24.421331003915668,-26.79129256882402,-24.421331003915668,18.421463012695312,49.833740234375,True,-7.320788007457537,-116.79129256882402,-26.79129256882402,-24.421331003915668,-24.421331003915668
frame_000133,1763366512.122794,True,738.87109375,284.0025634765625,742.4560546875,288.76373291015625,166.0248287780061,0.9624879184655128,155.9513683552948,173.3395759180006,77.567891226798,155.9513683552948,-12.432108773202003,-24.04863164470521,2.39249324798584,8.16726303100586,True,173.3395759180006,77.567891226798,-12.432108773202003,155.9513683552948,-24.04863164470521
frame_000134,1763366512.2228186,True,716.0552978515625,290.684814453125,720.775390625,294.1925048828125,-163.75237495385764,-3.361483303903242,-22.07986694527648,170.67719239562985,76.04781222205577,-22.07986694527648,-13.952187777944232,-22.07986694527648,2.6320223808288574,10.767044067382812,True,170.67719239562985,76.04781222205577,-13.952187777944232,-22.07986694527648,-22.07986694527648
frame_000136,1763366512.4232957,True,687.6339721679688,338.4552917480469,675.0680541992188,344.2251281738281,-44.57022126973385,-0.8293548697949404,157.7356934321192,-19.792804338282792,-132.5284656881219,157.7356934321192,-42.52846568812191,-22.264306567880794,19.957618713378906,54.750762939453125,True,-19.792804338282792,-132.5284656881219,-42.52846568812191,157.7356934321192,-22.264306567880794
frame_000137,1763366512.523334,True,684.1522827148438,361.5016784667969,674.5989379882812,367.4427185058594,-138.13224853368348,0.6317682322362828,-20.83990212831813,162.85207787865784,49.916912922445675,-20.83990212831813,-40.083087077554325,-20.83990212831813,19.40630531311035,54.8429069519043,True,162.85207787865784,49.916912922445675,-40.083087077554325,-20.83990212831813,-20.83990212831813
frame_000138,1763366512.6232924,True,690.6825561523438,367.8238220214844,676.410888671875,367.6143493652344,-138.38966602657297,-0.07646282366562218,-17.810908328328793,164.73356890417273,49.79590558460819,-17.810908328328793,-40.20409441539181,-17.810908328328793,19.841684341430664,55.956146240234375,True,164.73356890417273,49.79590558460819,-40.20409441539181,-17.810908328328793,-17.810908328328793
frame_000139,1763366512.72332,True,679.9067993164062,286.0917663574219,688.0274658203125,308.4230651855469,11.437075093522225,-7.142102980523418,-11.026616721254896,-9.201235460472049,-99.99075814371015,-11.026616721254896,-9.990758143710153,-11.026616721254896,2.8252203464508057,10.586966514587402,True,-9.201235460472049,-99.99075814371015,-9.990758143710153,-11.026616721254896,-11.026616721254896
frame_000141,1763366512.9334083,True,668.4271240234375,282.1986083984375,674.9019775390625,286.96380615234375,9.330767052646422,-9.216552191727999,-7.290285383437038,-10.318932796895922,-98.22348705888436,-7.290285383437038,-8.22348705888436,-7.290285383437038,1.4631428718566895,5.075366973876953,True,-10.318932796895922,-98.22348705888436,-8.22348705888436,-7.290285383437038,-7.290285383437038
frame_000142,1763366513.0236797,True,667.288818359375,295.1774597167969,673.8809204101562,299.73236083984375,8.614966193785989,-9.719923750430127,-5.076008960801914,-10.437948679164435,-97.85445436078389,-5.076008960801914,-7.85445436078389,-5.076008960801914,1.740817904472351,5.923470497131348,True,-10.437948679164435,-97.85445436078389,-7.85445436078389,-5.076008960801914,-5.076008960801914
frame_000143,1763366513.1328552,True,670.22509765625,301.5061950683594,677.0895385742188,305.5986633300781,7.415018107602464,-9.177199169615022,-2.767431837009525,-9.52175496708901,-97.06167253625213,-2.767431837009525,-7.061672536252132,-2.767431837009525,1.4903247356414795,4.469061374664307,True,-9.52175496708901,-97.06167253625213,-7.061672536252132,-2.767431837009525,-2.767431837009525
frame_000144,1763366513.2232416,True,663.4596557617188,321.15155029296875,669.6869506835938,325.06561279296875,-168.2461570754258,6.80877692588021,-88.82046068922504,168.3024263759354,82.94909704788677,-88.82046068922504,-7.050902952113233,1.179539310774956,2.3435726165771484,7.456714630126953,True,168.3024263759354,82.94909704788677,-7.050902952113233,-88.82046068922504,1.179539310774956
frame_000145,1763366513.3233433,True,653.0888061523438,339.0272216796875,660.0068359375,341.7680969238281,4.947180820069065,-12.691941398128336,1.4924596910488788,-12.561692694201867,-95.4020239013243,1.4924596910488788,-5.4020239013242985,1.4924596910488788,2.53003191947937,7.19334077835083,True,-12.561692694201867,-95.4020239013243,-5.4020239013242985,1.4924596910488788,1.4924596910488788
frame_000146,1763366513.4333,True,646.989501953125,357.4603271484375,653.5462036132812,359.5594482421875,-12.469514132269154,-3.192978872920065,93.41642503234294,-12.28506902082276,-93.94060541651031,93.41642503234294,-3.9406054165103086,3.416425032342943,0.37191522121429443,1.8766968250274658,True,-12.28506902082276,-93.94060541651031,-3.9406054165103086,93.41642503234294,3.416425032342943
frame_000147,1763366513.5341294,True,647.5311279296875,360.3369445800781,653.87890625,361.7431640625,-177.59589482839132,-13.051730990588453,2.655469803013716,167.07043326582107,86.92094228006721,2.655469803013716,-3.0790577199327913,2.655469803013716,0.9685794115066528,2.9313552379608154,True,167.07043326582107,86.92094228006721,-3.0790577199327913,2.655469803013716,2.655469803013716
frame_000148,1763366513.6241925,True,643.2902221679688,380.5722351074219,649.3025512695312,381.61676025390625,-165.63756504519577,1.1262735661014176,-87.70947191545876,165.688167805557,88.28852628278867,-87.70947191545875,-1.7114737172113337,2.2905280845412506,2.1017208099365234,5.048037528991699,True,165.688167805557,88.28852628278867,-1.7114737172113337,-87.70947191545875,2.2905280845412506
frame_000149,1763366513.7247179,True,642.885009765625,393.84686279296875,649.6032104492188,394.598876953125,0.7294866348235871,-12.589395884194943,1.508268675171763,12.566430768258698,91.08391576572761,1.508268675171763,1.0839157657276104,1.508268675171763,0.3680530786514282,1.2850003242492676,True,12.566430768258698,91.08391576572761,1.0839157657276104,1.508268675171763,1.508268675171763
frame_000150,1763366513.8340352,True,645.2752075195312,392.32666015625,651.5006713867188,392.04638671875,-12.570525650631907,0.43139640219803255,91.47273088286721,-12.577412313609301,-89.89711019278519,91.47273088286721,0.10288980721480812,1.4727308828672108,0.8749622702598572,3.642836093902588,True,-12.577412313609301,-89.89711019278519,0.10288980721480812,91.47273088286721,1.4727308828672108
frame_000151,1763366513.9237883,True,653.0472412109375,407.7691345214844,659.3067626953125,407.8946228027344,-12.615994944291941,0.7469789284281205,91.03966368255192,-12.627929454040526,-89.4858196607616,91.03966368255192,0.5141803392383935,1.039663682551918,1.3342361450195312,3.049513816833496,True,-12.627929454040526,-89.4858196607616,0.5141803392383935,91.03966368255192,1.039663682551918
frame_000152,1763366514.0246055,True,653.0287475585938,408.0139465332031,659.3904418945312,407.3169250488281,-11.557029319468654,0.7711148814689182,91.17060222092812,-11.570821978282424,-89.46839512964344,91.17060222092812,0.5316048703565599,1.1706022209281173,0.359666109085083,1.3363717794418335,True,-11.570821978282424,-89.46839512964344,0.5316048703565599,91.17060222092812,1.1706022209281173
frame_000153,1763366514.124289,True,651.504638671875,412.6732177734375,657.7089233398438,412.2712097167969,-12.159151632071712,0.7839609558165819,90.99120904718131,-12.171450862963127,-89.42970299996188,90.99120904718131,0.5702970000381242,0.9912090471813144,0.42681199312210083,1.3925038576126099,True,-12.171450862963127,-89.42970299996188,0.5702970000381242,90.99120904718131,0.9912090471813144
frame_000154,1763366514.2243176,True,647.2620239257812,409.38397216796875,653.9117431640625,408.7094421386719,-168.1783945577606,-0.4448047851718684,-88.79563121849189,168.17162968147977,90.19264593983348,-88.79563121849189,0.19264593983348277,1.2043687815081086,0.7612407803535461,2.822383403778076,True,168.17162968147977,90.19264593983348,0.19264593983348277,-88.79563121849189,1.2043687815081086
frame_000155,1763366514.324314,True,639.4356689453125,402.5093688964844,646.6500854492188,402.70794677734375,-11.884153224231738,-1.1521163847023956,91.8888480448311,-11.843838098199171,-91.54877377027367,91.8888480448311,-1.5487737702736695,1.888848044831093,1.8356420993804932,6.889626502990723,True,-11.843838098199171,-91.54877377027367,-1.5487737702736695,91.8888480448311,1.888848044831093
frame_000156,1763366514.42423,True,632.5470581054688,391.0592346191406,639.368408203125,391.0215148925781,0.3149532719235708,-13.28093776779778,1.7312211291014705,-13.26582887300259,-90.73199681604541,1.7312211291014705,-0.7319968160454096,1.7312211291014705,0.42676201462745667,1.436985731124878,True,-13.26582887300259,-90.73199681604541,-0.7319968160454096,1.7312211291014705,1.7312211291014705
frame_000157,1763366514.5244205,True,658.8421630859375,394.1343688964844,664.1203002929688,394.47198486328125,-3.469151074681264,-11.199654890609168,-0.07290630998974734,-11.1953104154465,-86.4492928973886,-0.07290630998974734,3.5507071026113977,-0.07290630998974734,6.068472862243652,20.043067932128906,True,-11.1953104154465,-86.4492928973886,3.5507071026113977,-0.07290630998974734,-0.07290630998974734
frame_000158,1763366514.624339,True,718.085205078125,395.5814208984375,721.00048828125,395.5953369140625,-3.578643668876566,-7.048416484969579,-1.1595947743228976,6.97500730577184,86.25213829444002,-1.1595947743228407,-3.747861705559984,-1.1595947743228407,5.0647430419921875,16.741310119628906,True,6.97500730577184,86.25213829444002,-3.747861705559984,-1.1595947743228407,-1.1595947743228407
frame_000159,1763366514.7239492,True,759.8938598632812,395.05645751953125,762.4505615234375,394.70892333984375,-2.5045596440705538,-2.596567997487199,-1.5777535280547,2.5266486646304998,87.42241791575196,-1.5777535280547,-2.5775820842480357,-1.5777535280547,3.322113275527954,11.527751922607422,True,2.5266486646304998,87.42241791575196,-2.5775820842480357,-1.5777535280547,-1.5777535280547
frame_000160,1763366514.8240476,True,787.1456298828125,400.6871643066406,787.6704711914062,400.587646484375,-2.2876257103540354,-0.7238065572662435,0.13610484003348233,0.7292411628787647,87.71391511905628,0.13610484003348233,-2.2860848809437186,0.13610484003348233,2.898871421813965,9.01599407196045,True,0.7292411628787647,87.71391511905628,-2.2860848809437186,0.13610484003348233,0.13610484003348233
frame_000161,1763366514.9240432,True,821.5520629882812,409.7210388183594,819.7755126953125,409.0011291503906,-4.3760768347451915,0.6336184952554618,-0.09179563643346,-0.6406419754381432,85.62467147299462,-0.09179563643346,-4.375328527005379,-0.09179563643346,4.068397521972656,14.226859092712402,True,-0.6406419754381432,85.62467147299462,-4.375328527005379,-0.09179563643346,-0.09179563643346
frame_000162,1763366515.0252771,True,852.05615234375,424.1555480957031,849.8027954101562,423.62774658203125,-2.968759243780937,3.367615621750417,-0.9365632580438614,-3.415649495730321,87.08147407283306,-0.9365632580438614,-2.9185259271669395,-0.9365632580438614,1.8776370286941528,5.846844673156738,True,-3.415649495730321,87.08147407283306,-2.9185259271669395,-0.9365632580438614,-0.9365632580438614
frame_000163,1763366515.1246011,True,853.9091796875,406.6863098144531,852.7561645507812,406.4475402832031,179.75606790675795,7.290072229662911,0.08038061239489025,-172.7102743169075,90.25620237202702,0.08038061239489025,0.256202372027019,0.08038061239489025,3.5665581226348877,7.619890213012695,True,-172.7102743169075,90.25620237202702,0.256202372027019,0.08038061239489025,0.08038061239489025
frame_000164,1763366515.2246144,True,861.4727172851562,399.3818359375,859.0043334960938,399.46649169921875,-175.09387261344787,-0.02574255378721091,90.72673295590698,-175.09394072160055,90.03663912685084,90.72673295590698,0.036639126850843695,0.7267329559069822,0.33246490359306335,1.4336708784103394,True,-175.09394072160055,90.03663912685084,0.036639126850843695,90.72673295590698,0.7267329559069822
frame_000165,1763366515.324545,True,861.3192138671875,398.96893310546875,858.6430053710938,399.1270751953125,4.907960194941751,-0.38697477814540093,90.79116636103788,4.912910252290175,-90.31900347202468,90.79116636103788,-0.3190034720246757,0.791166361037881,0.18112267553806305,0.822525680065155,True,4.912910252290175,-90.31900347202468,-0.3190034720246757,90.79116636103788,0.791166361037881
frame_000166,1763366515.424489,True,860.8056030273438,398.8037414550781,858.0887451171875,398.9088134765625,4.7788630443151305,-0.3907381065208426,90.82365378481387,4.784060070519189,-90.32184302171137,90.82365378481387,-0.32184302171137347,0.823653784813871,0.21303246915340424,0.9264262914657593,True,4.784060070519189,-90.32184302171137,-0.32184302171137347,90.82365378481387,0.823653784813871
frame_000167,1763366515.524644,True,865.0548706054688,401.4146728515625,862.8539428710938,401.1672668457031,174.65700767884994,-0.7419268520057472,-88.87995455647955,-174.67195536272496,90.84651827003285,-88.87995455647953,0.8465182700328455,1.1200454435204676,1.3189128637313843,3.6650307178497314,True,-174.67195536272496,90.84651827003285,0.8465182700328455,-88.87995455647953,1.1200454435204676
frame_000168,1763366515.6252291,True,872.2235717773438,406.104248046875,869.1734619140625,405.93048095703125,5.803605107544371,0.42570019569399165,91.9800348575069,5.785763679279995,-89.37335515976783,91.9800348575069,0.6266448402321743,1.9800348575068938,0.6525143980979919,2.00028133392334,True,5.785763679279995,-89.37335515976783,0.6266448402321743,91.9800348575069,1.9800348575068938
frame_000169,1763366515.7252886,True,879.3973388671875,410.1373596191406,876.1654052734375,409.8582458496094,-0.7622792464280508,6.413746088274081,2.5259524152293125,-6.3741763065957855,88.94988477281566,2.5259524152293125,-1.0501152271843353,2.5259524152293125,1.0353963375091553,2.6546499729156494,True,-6.3741763065957855,88.94988477281566,-1.0501152271843353,2.5259524152293125,2.5259524152293125
frame_000170,1763366515.82472,True,888.7854614257812,416.2320556640625,885.283203125,415.8627624511719,172.81056769936947,-1.0193283720177533,-86.46334736716037,-172.8849057130777,91.46308411200653,-86.46334736716035,1.463084112006527,3.5366526328396475,1.2894816398620605,3.412092924118042,True,-172.8849057130777,91.46308411200653,1.463084112006527,-86.46334736716035,3.5366526328396475
frame_000171,1763366515.9237738,True,845.8595581054688,417.21246337890625,825.7115478515625,415.0384521484375,171.47585210944635,-1.9424059001407272,-85.92201605866377,-171.6275093447616,92.54760161914226,-85.92201605866377,2.547601619142256,4.077983941336228,2.772704839706421,10.308906555175781,True,-171.6275093447616,92.54760161914226,2.547601619142256,-85.92201605866377,4.077983941336228
frame_000172,1763366516.0237496,True,798.4122924804688,415.0484619140625,817.4935302734375,381.5584411621094,36.39378619274578,-5.051941713052287,-85.68936602682041,-36.66850174643969,-88.13664555555006,-85.68936602682041,1.8633544444499393,4.310633973179591,23.50600242614746,58.54066848754883,True,-36.66850174643969,-88.13664555555006,1.8633544444499393,-85.68936602682041,4.310633973179591
frame_000192,1763366518.0349374,True,862.192626953125,376.5500793457031,854.4739379882812,392.3220520019531,149.626524947505,-1.726059081326639,66.49411299437298,151.2022142972712,101.6524120346387,66.49411299437298,11.6524120346387,-23.505887005627017,20.254369735717773,40.96732711791992,True,151.2022142972712,101.6524120346387,11.6524120346387,66.49411299437298,-23.505887005627017
frame_000204,1763366519.236525,True,940.4692993164062,429.20892333984375,921.3720703125,411.968994140625,-19.09936678476464,-8.566743817184033,163.89349293545752,2.7241955754633125,-110.71772424611716,163.89349293545752,-20.717724246117157,-16.106507064542484,23.984962463378906,73.11663818359375,True,2.7241955754633125,-110.71772424611716,-20.717724246117157,163.89349293545752,-16.106507064542484
frame_000205,1763366519.325864,True,887.3114013671875,461.554443359375,877.5925903320312,450.08642578125,-17.858126345867163,-9.147146523737717,168.51031293274661,5.301205016926502,-109.38534403838256,168.51031293274661,-19.385344038382556,-11.489687067253385,25.86928367614746,58.38517761230469,True,5.301205016926502,-109.38534403838256,-19.385344038382556,168.51031293274661,-11.489687067253385
frame_000206,1763366519.4258626,True,872.4935913085938,462.3553161621094,870.197265625,457.3197326660156,170.65382320068983,6.198440910518457,-6.363376547399469,-172.8024004962734,98.67049125197701,-6.363376547399469,8.670491251977012,-6.363376547399469,2.070586681365967,4.537827968597412,True,-172.8024004962734,98.67049125197701,8.670491251977012,-6.363376547399469,-6.363376547399469
frame_000207,1763366519.5258887,True,882.1207275390625,426.0794372558594,899.2236938476562,404.4802551269531,-166.8617221651137,-29.085520425802343,72.60601479731807,-174.9373582032633,58.58883642057447,72.60601479731807,-31.411163579425533,-17.393985202681932,33.46220016479492,97.55133056640625,True,-174.9373582032633,58.58883642057447,-31.411163579425533,72.60601479731807,-17.393985202681932
frame_000208,1763366519.626623,True,890.7741088867188,447.1341552734375,889.7236938476562,445.1375732421875,-168.80287453586232,4.791915693562572,87.09614872043886,-168.5447364240747,94.2127484094355,87.09614872043886,4.212748409435505,-2.903851279561138,6.417766571044922,15.78195858001709,True,-168.5447364240747,94.2127484094355,4.212748409435505,87.09614872043886,-2.903851279561138
frame_000209,1763366519.7259784,True,897.9461059570312,392.341064453125,896.0211181640625,391.9990234375,1.4676596572407448,11.24100825434698,1.0399075703785172,-11.265332919331911,91.28955970133241,1.0399075703785172,1.2895597013324078,1.0399075703785172,5.374903202056885,12.255985260009766,True,-11.265332919331911,91.28955970133241,1.2895597013324078,1.0399075703785172,1.0399075703785172
frame_000210,1763366519.8264353,True,897.3644409179688,370.4858703613281,892.948486328125,372.17047119140625,6.957756214237492,-3.4447748425941143,92.48170740727318,7.110851949079091,-93.13924014687224,92.48170740727318,-3.1392401468722397,2.481707407273177,0.4018271267414093,1.8093796968460083,True,7.110851949079091,-93.13924014687224,-3.1392401468722397,92.48170740727318,2.481707407273177
frame_000211,1763366519.9268572,True,892.5387573242188,369.4250793457031,888.4597778320312,371.2503662109375,6.5691742125177655,-3.909979429169624,92.50996348830677,6.747291990575349,-93.61786138212835,92.50996348830677,-3.6178613821283534,2.5099634883067665,0.6791506409645081,2.388701915740967,True,6.747291990575349,-93.61786138212835,-3.6178613821283534,92.50996348830677,2.5099634883067665
frame_000212,1763366520.0272238,True,879.574951171875,366.87066650390625,876.2494506835938,368.9773254394531,-5.3351249595439185,5.174834301084502,-87.23058991044815,5.599041951275069,-94.9112468919067,-87.23058991044815,-4.9112468919067,2.7694100895518545,1.7090890407562256,5.686517238616943,True,5.599041951275069,-94.9112468919067,-4.9112468919067,-87.23058991044815,2.7694100895518545
frame_000213,1763366520.1267114,True,865.0721435546875,365.28375244140625,862.0967407226562,367.2457580566406,-175.64118436664634,-4.189462359315712,92.72185441033054,-175.43636845770502,86.02213863279229,92.72185441033054,-3.9778613672077086,2.721854410330536,0.8082935214042664,2.7208213806152344,True,-175.43636845770502,86.02213863279229,-3.9778613672077086,92.72185441033054,2.721854410330536
frame_000214,1763366520.2274685,True,860.9641723632812,365.24224853515625,858.5374145507812,367.14361572265625,175.87749059357645,3.678513429601878,-87.36486830882465,-175.7049211492558,86.51487796329621,-87.36486830882465,-3.4851220367037854,2.6351316911753457,0.34692564606666565,1.1977275609970093,True,-175.7049211492558,86.51487796329621,-3.4851220367037854,-87.36486830882465,2.6351316911753457
frame_000215,1763366520.3269215,True,857.5404052734375,366.282958984375,855.135009765625,368.17706298828125,176.2105073583744,3.676822251831254,-87.4256524534104,-176.04191656356068,86.49701721490823,-87.42565245341041,-3.502982785091774,2.5743475465895926,0.42647266387939453,1.4550856351852417,True,-176.04191656356068,86.49701721490823,-3.502982785091774,-87.42565245341041,2.5743475465895926
frame_000216,1763366520.427515,True,852.16552734375,366.608642578125,850.0934448242188,368.4906311035156,-176.63618413137073,-3.965562330659367,92.54986777373279,-176.45539735398646,86.18784556589208,92.54986777373273,-3.8121544341079243,2.5498677737327284,0.7269691228866577,2.329385995864868,True,-176.45539735398646,86.18784556589208,-3.8121544341079243,92.54986777373273,2.5498677737327284
frame_000217,1763366520.5268013,True,841.6144409179688,365.6078186035156,840.1048583984375,367.62811279296875,2.579905781100962,-4.487485961260688,92.61186590848149,2.789606113614809,-94.36553816124106,92.61186590848149,-4.365538161241062,2.611865908481491,1.1496869325637817,3.8290579319000244,True,2.789606113614809,-94.36553816124106,-4.365538161241062,92.61186590848149,2.611865908481491
frame_000218,1763366520.6271245,True,829.5528564453125,362.8634033203125,828.4844360351562,364.91021728515625,1.6781006204757603,-4.250459263887365,92.66012270609929,1.8783548077808234,-94.16819640664434,92.66012270609929,-4.168196406644341,2.660122706099287,0.8550512194633484,2.9585609436035156,True,1.8783548077808234,-94.16819640664434,-4.168196406644341,92.66012270609929,2.660122706099287
frame_000219,1763366520.727424,True,813.6885986328125,358.33367919921875,814.0023193359375,360.9449462890625,-0.48002214576803226,6.721640758629633,-86.78734428328885,0.8609634378919679,-96.68445377114655,-86.78734428328885,-6.684453771146551,3.2126557167111542,2.7586774826049805,9.480385780334473,True,0.8609634378919679,-96.68445377114655,-6.684453771146551,-86.78734428328885,3.2126557167111542
frame_000220,1763366520.8273609,True,773.3616943359375,336.4301452636719,775.4520874023438,339.64190673828125,-2.762570577085853,-10.924361338540962,95.10517179229021,-1.8199081787960836,-101.12349059117375,95.10517179229021,-11.123490591173748,5.105171792290207,5.655239105224609,18.932270050048828,True,-1.8199081787960836,-101.12349059117375,-11.123490591173748,95.10517179229021,5.105171792290207
frame_000221,1763366520.9270287,True,731.9610595703125,308.7052307128906,733.9918212890625,311.97479248046875,-174.20149743503814,8.388937892871922,-84.21708960010024,175.01261675790522,81.0739221920768,-84.21708960010022,-8.926077807923207,5.782910399899777,2.9585764408111572,10.097997665405273,True,175.01261675790522,81.0739221920768,-8.926077807923207,-84.21708960010022,5.782910399899777
frame_000222,1763366521.027053,True,728.2429809570312,307.77032470703125,731.4937133789062,312.2437438964844,-6.954102922202907,-7.25159612834014,95.1539948201231,-6.335437704712604,-97.844557453041,95.1539948201231,-7.844557453041006,5.153994820123103,0.25689488649368286,1.141832709312439,True,-6.335437704712604,-97.844557453041,-7.844557453041006,95.1539948201231,5.153994820123103
frame_000223,1763366521.1270497,True,730.7965087890625,316.97259521484375,733.0987548828125,320.6833190917969,5.594544055410296,-8.408231530359302,3.7190907501811523,8.030281048846263,96.18661701026645,3.7190907501811523,6.1866170102664455,3.7190907501811523,2.412700891494751,7.827824115753174,True,8.030281048846263,96.18661701026645,6.1866170102664455,3.7190907501811523,3.7190907501811523
frame_000224,1763366521.2272584,True,750.4030151367188,349.638671875,752.3466186523438,352.9512023925781,-6.252902689286628,-1.2974378340592239,91.82051008177717,-6.210622432425708,-91.4961536951274,91.82051008177717,-1.4961536951274041,1.8205100817771722,4.737664699554443,15.809441566467285,True,-6.210622432425708,-91.4961536951274,-1.4961536951274041,91.82051008177717,1.8205100817771722
frame_000225,1763366521.3272393,True,770.8941040039062,352.4162902832031,772.5899047851562,354.1987609863281,-2.5945250216562954,-3.6246669797549487,92.85488928921006,-2.4160684925162172,-93.74921717871807,92.85488928921006,-3.7492171787180695,2.854889289210064,0.4943729341030121,2.3803062438964844,True,-2.4160684925162172,-93.74921717871807,-3.7492171787180695,92.85488928921006,2.854889289210064
frame_000226,1763366521.4280884,True,775.4813842773438,356.11761474609375,776.4268188476562,358.1002502441406,-176.98953792648751,2.808274736990029,-87.483991724863,177.11187629615222,87.06232496248674,-87.483991724863,-2.9376750375132588,2.516008275136997,1.1558088064193726,4.228541851043701,True,177.11187629615222,87.06232496248674,-2.9376750375132588,-87.483991724863,2.516008275136997
frame_000227,1763366521.5282006,True,793.3380126953125,369.5105895996094,793.0211791992188,370.43731689453125,179.81059890922842,-2.3030754920256697,1.3718578909939652,-177.69305310556524,-90.13433232734315,1.3718578909939652,-0.13433232734314515,1.3718578909939652,3.2943615913391113,11.938793182373047,True,-177.69305310556524,-90.13433232734315,-0.13433232734314515,1.3718578909939652,1.3718578909939652
frame_000228,1763366521.628677,True,822.9243774414062,389.61187744140625,822.1305541992188,390.06671142578125,-179.88734688098572,1.7587653546798663,90.36844301509501,-179.89860936994037,91.75945308873253,90.36844301509507,1.7594530887325277,0.3684430150950675,3.291776180267334,10.810824394226074,True,-179.89860936994037,91.75945308873253,1.7594530887325277,90.36844301509507,0.3684430150950675
frame_000229,1763366521.7288613,True,842.1248779296875,396.966796875,840.646484375,397.2232360839844,3.1353979079652845,-0.35605346515936276,90.52268139387041,3.13856649518101,-90.32740822528437,90.52268139387041,-0.32740822528437263,0.522681393870414,0.26424524188041687,0.9627110958099365,True,3.13856649518101,-90.32740822528437,-0.32740822528437263,90.52268139387041,0.522681393870414
frame_000230,1763366521.8287697,True,842.1224975585938,396.5539245605469,840.47216796875,396.7407531738281,3.0360695789435965,-0.4055823798006486,90.55713680691747,3.03993499267753,-90.3760142928274,90.55713680691747,-0.3760142928274064,0.5571368069174696,0.15378883481025696,0.6768003106117249,True,3.03993499267753,-90.3760142928274,-0.3760142928274064,90.55713680691747,0.5571368069174696
frame_000231,1763366521.9292543,True,842.04638671875,396.3094482421875,840.4357299804688,396.5036926269531,0.4725581909880532,3.0603800051768815,0.5983604307696737,-3.065141493492604,90.44121880852155,0.5983604307697021,0.4412188085215547,0.5983604307697021,0.15776130557060242,0.6653958559036255,True,-3.065141493492604,90.44121880852155,0.4412188085215547,0.5983604307697021,0.5983604307697021
frame_000232,1763366522.02936,True,840.251708984375,394.8166198730469,838.7064208984375,395.1194152832031,177.12922062077507,0.5907886800039819,-89.35271741128173,-177.12259357351303,89.44170575907094,-89.35271741128174,-0.5582942409290581,0.6472825887182552,0.1694864183664322,0.8971887230873108,True,-177.12259357351303,89.44170575907094,-0.5582942409290581,-89.35271741128174,0.6472825887182552
frame_000233,1763366522.1292548,True,840.0341186523438,394.75506591796875,838.4794311523438,395.0116271972656,177.14298173301722,0.5422955040507986,-89.35123710425115,-177.13691162081784,89.49011428156831,-89.35123710425114,-0.5098857184316898,0.6487628957488596,0.15505024790763855,0.7912495136260986,True,-177.13691162081784,89.49011428156831,-0.5098857184316898,-89.35123710425114,0.6487628957488596
frame_000234,1763366522.229629,True,840.0462036132812,394.7600402832031,838.4967651367188,395.0332946777344,2.847792113074945,-0.5602427841059239,90.65647873694235,2.8541446936217767,-90.5275520219761,90.65647873694235,-0.5275520219761063,0.656478736942347,0.15872974693775177,0.7744722366333008,True,2.8541446936217767,-90.5275520219761,-0.5275520219761063,90.65647873694235,0.656478736942347
frame_000235,1763366522.329649,True,840.017333984375,394.75537109375,838.44580078125,395.014404296875,177.1487674916441,0.5501577218612397,-89.34334294175483,-177.1425335320611,89.48258084521967,-89.34334294175481,-0.5174191547803275,0.6566570582451874,0.15643498301506042,0.7913827896118164,True,-177.1425335320611,89.48258084521967,-0.5174191547803275,-89.34334294175481,0.6566570582451874
frame_000236,1763366522.4299002,True,840.0457153320312,394.7413330078125,838.4702758789062,395.0147705078125,177.14434604134664,0.5468443454127794,-89.34258504879536,-177.13814489387553,89.4859827018654,-89.34258504879536,-0.5140172981346041,0.6574149512046432,0.15513771772384644,0.7873744368553162,True,-177.13814489387553,89.4859827018654,-0.5140172981346041,-89.34258504879536,0.6574149512046432
frame_000237,1763366522.5293362,True,840.089111328125,394.7872619628906,838.5433349609375,395.0468444824219,2.860130407654623,-0.5396645822851553,90.67464353406444,2.8663977246846173,-90.50592394036855,90.67464353406444,-0.5059239403685467,0.6746435340644439,0.15303261578083038,0.7960948944091797,True,2.8663977246846173,-90.50592394036855,-0.5059239403685467,90.67464353406444,0.6746435340644439
frame_000238,1763366522.629247,True,843.5792846679688,395.2095947265625,840.393798828125,395.1029052734375,-1.265709821130315,3.4008526153207868,0.40548310288147604,-3.391824513456413,88.70800576613325,0.40548310288147604,-1.2919942338667454,0.40548310288147604,2.0059635639190674,5.893308162689209,True,-3.391824513456413,88.70800576613325,-1.2919942338667454,0.40548310288147604,0.40548310288147604
frame_000239,1763366522.729361,True,851.573974609375,395.90496826171875,849.5143432617188,396.19622802734375,0.5499960119237244,3.758540857554152,0.9072534012624658,-3.766761061398711,90.49151942364038,0.9072534012624658,0.4915194236403835,0.9072534012624658,0.16886989772319794,0.7173392176628113,True,-3.766761061398711,90.49151942364038,0.4915194236403835,0.9072534012624658,0.9072534012624658
frame_000240,1763366522.8293839,True,851.6258544921875,395.9027099609375,849.545166015625,396.163818359375,3.7500164803277585,-0.5634168709712242,90.87341558825699,3.7583146376344985,-90.50610891919978,90.87341558825699,-0.5061089191997752,0.8734155882569894,0.16558250784873962,0.8156760334968567,True,3.7583146376344985,-90.50610891919978,-0.5061089191997752,90.87341558825699,0.8734155882569894
frame_000241,1763366522.929528,True,851.6558837890625,395.9511413574219,849.5767822265625,396.2035217285156,-3.7459990900869116,0.564397436022972,-89.12168579325025,3.754356271311309,-90.50682945915439,-89.12168579325025,-0.5068294591543889,0.8783142067497494,0.1651550978422165,0.8107799291610718,True,3.754356271311309,-90.50682945915439,-0.5068294591543889,-89.12168579325025,0.8783142067497494
frame_000242,1763366523.0301304,True,851.6395874023438,395.98876953125,849.5779418945312,396.2547302246094,-179.43665973385396,3.7396903307672176,0.9218390892489765,176.25174814210655,-89.49577687665641,0.9218390892489765,0.5042231233435928,0.9218390892489765,0.16834691166877747,0.8125921487808228,True,176.25174814210655,-89.49577687665641,0.5042231233435928,0.9218390892489765,0.9218390892489765
frame_000243,1763366523.1303196,True,851.6254272460938,396.01177978515625,849.5471801757812,396.23822021484375,3.7516405083601683,-0.5604824166689468,90.88688514723998,3.760009777983271,-90.50226479578257,90.88688514723998,-0.5022647957825654,0.8868851472399797,0.168254092335701,0.8402337431907654,True,3.760009777983271,-90.50226479578257,-0.5022647957825654,90.88688514723998,0.8868851472399797
frame_000244,1763366523.2304244,True,851.627197265625,396.057373046875,849.541015625,396.3076171875,0.5604752570147014,3.7468684352650428,0.925191534877797,-3.755412165224328,90.50102091909498,0.925191534877797,0.5010209190949837,0.925191534877797,0.1671825796365738,0.8433465957641602,True,-3.755412165224328,90.50102091909498,0.5010209190949837,0.925191534877797,0.925191534877797
frame_000245,1763366523.3297868,True,851.6431884765625,396.0821838378906,849.5776977539062,396.2982482910156,-179.43721953493082,3.7478210053894543,0.9260873939740293,176.24359041668416,-89.49674283718736,0.9260873939740293,0.5032571628126448,0.9260873939740293,0.16825293004512787,0.8078226447105408,True,176.24359041668416,-89.49674283718736,0.5032571628126448,0.9260873939740293,0.9260873939740293
frame_000246,1763366523.429908,True,851.6408081054688,396.128173828125,849.5836181640625,396.3499755859375,-176.25300393954947,-0.5602766733065039,90.89352965527968,-176.24457959123416,89.49830482782141,90.89352965527968,-0.5016951721785858,0.8935296552796785,0.16594398021697998,0.8229040503501892,True,-176.24457959123416,89.49830482782141,-0.5016951721785858,90.89352965527968,0.8935296552796785
frame_000247,1763366523.5298219,True,851.603271484375,396.1488952636719,849.522216796875,396.3899230957031,3.7496356766386327,-0.5581419750408543,90.89541936518856,3.758041672826323,-90.49939526087239,90.89541936518856,-0.49939526087239017,0.8954193651885589,0.16852819919586182,0.8529335260391235,True,3.758041672826323,-90.49939526087239,-0.49939526087239017,90.89541936518856,0.8954193651885589
frame_000248,1763366523.6302264,True,851.6117553710938,396.15069580078125,849.5298461914062,396.38330078125,3.749986000676273,-0.5559592145199019,90.89411369449817,3.7583453285315613,-90.49729301224787,90.89411369449817,-0.4972930122478658,0.8941136944981736,0.1670273095369339,0.8132714033126831,True,3.7583453285315613,-90.49729301224787,-0.4972930122478658,90.89411369449817,0.8941136944981736
frame_000249,1763366523.7301023,True,851.6283569335938,396.1419677734375,849.556396484375,396.3406677246094,176.25381300016056,0.558347607610159,-89.1048468906214,-176.24540566151882,89.5003275348796,-89.1048468906214,-0.49967246512039765,0.8951531093785974,0.16724304854869843,0.8047776222229004,True,-176.24540566151882,89.5003275348796,-0.49967246512039765,-89.1048468906214,0.8951531093785974
frame_000250,1763366523.8409774,True,851.614990234375,396.123046875,849.5440063476562,396.3688049316406,0.5609259908097215,3.749767767734795,0.930614354083076,-3.7583655945223313,90.5010712227452,0.9306143540830476,0.5010712227451961,0.9306143540830476,0.16571879386901855,0.8115751147270203,True,-3.7583655945223313,90.5010712227452,0.5010712227451961,0.9306143540830476,0.9306143540830476
frame_000251,1763366523.9402611,True,851.6127319335938,396.1284484863281,849.5519409179688,396.3459167480469,176.2511719688996,0.5615362833331403,-89.10575811514583,-176.24272120146338,89.49712081912725,-89.10575811514585,-0.5028791808727533,0.8942418848541536,0.16669601202011108,0.8925389647483826,True,-176.24272120146338,89.49712081912725,-0.5028791808727533,-89.10575811514585,0.8942418848541536
frame_000252,1763366524.030277,True,851.6104125976562,396.1355285644531,849.5418090820312,396.35943603515625,3.7483809129919052,-0.5600192198903926,90.89489782396254,3.7568128914210774,-90.50132622890226,90.89489782396254,-0.5013262289022578,0.8948978239625376,0.16694678366184235,0.821621835231781,True,3.7568128914210774,-90.50132622890226,-0.5013262289022578,90.89489782396254,0.8948978239625376
frame_000253,1763366524.1303241,True,851.6036376953125,396.13189697265625,849.523193359375,396.35528564453125,3.7497552760478072,-0.5547400173461767,90.89556943101343,3.758107458288464,-90.49598195485609,90.89556943101343,-0.49598195485609153,0.8955694310134277,0.16710679233074188,0.835831344127655,True,3.758107458288464,-90.49598195485609,-0.49598195485609153,90.89556943101343,0.8955694310134277
frame_000254,1763366524.2305417,True,851.6215209960938,396.12396240234375,849.5467529296875,396.3574523925781,3.747805342471878,-0.5593790547216031,90.89401825878332,3.756219356570739,-90.50075290509844,90.89401825878332,-0.5007529050984374,0.8940182587833192,0.1660224050283432,0.7944656610488892,True,3.756219356570739,-90.50075290509844,-0.5007529050984374,90.89401825878332,0.8940182587833192
frame_000255,1763366524.331165,True,851.6160278320312,396.1224060058594,849.5475463867188,396.3592224121094,3.7471783610056377,-0.5615158230779969,90.89490445205246,3.7556347412912316,-90.5028410897794,90.89490445205246,-0.5028410897793947,0.894904452052458,0.1676016002893448,0.8411440849304199,True,3.7556347412912316,-90.5028410897794,-0.5028410897793947,90.89490445205246,0.894904452052458
frame_000256,1763366524.4313736,True,851.6098022460938,396.1212463378906,849.5243530273438,396.3697509765625,3.7504239642758535,-0.5587657505141408,90.89484750307253,3.7588350208698955,-90.50004416186668,90.89484750307253,-0.5000441618666827,0.8948475030725263,0.1658809781074524,0.819888174533844,True,3.7588350208698955,-90.50004416186668,-0.5000441618666827,90.89484750307253,0.8948475030725263
frame_000257,1763366524.530565,True,851.615966796875,396.1202087402344,849.5451049804688,396.35205078125,3.750281736043945,-0.5593954621657247,90.89484115345704,3.758702944861767,-90.50067645018923,90.89484115345704,-0.500676450189232,0.8948411534570369,0.16779398918151855,0.8218466639518738,True,3.758702944861767,-90.50067645018923,-0.500676450189232,90.89484115345704,0.8948411534570369
frame_000258,1763366524.631239,True,851.6215209960938,396.11370849609375,849.5288696289062,396.3562927246094,176.25340391759812,0.5622510768644702,-89.1057837565391,-176.24494160083134,89.49636944136057,-89.10578375653911,-0.5036305586394292,0.8942162434608889,0.16829708218574524,0.8294405937194824,True,-176.24494160083134,89.49636944136057,-0.5036305586394292,-89.10578375653911,0.8942162434608889
frame_000259,1763366524.741248,True,851.61376953125,396.1156921386719,849.53857421875,396.3551330566406,3.7474966791725137,-0.5620239311966202,90.89388182717983,3.755952311142579,-90.50341127566357,90.89388182717988,-0.5034112756635665,0.8938818271798823,0.1652166098356247,0.8179982304573059,True,3.755952311142579,-90.50341127566357,-0.5034112756635665,90.89388182717988,0.8938818271798823
frame_000260,1763366524.8314655,True,851.6193237304688,396.122802734375,849.5316162109375,396.3492126464844,-3.7492781779650954,0.5572727147177261,-89.10508460771783,3.75766576196645,-90.49856480689161,-89.10508460771783,-0.49856480689160776,0.8949153922821722,0.16533523797988892,0.7915419936180115,True,3.75766576196645,-90.49856480689161,-0.49856480689160776,-89.10508460771783,0.8949153922821722
frame_000261,1763366524.9307907,True,851.6211547851562,396.11712646484375,849.5413208007812,396.35791015625,0.5633188523501644,3.749170407313784,0.9314925308729585,-3.7578147855288933,90.5034206309815,0.9314925308729869,0.5034206309814948,0.9314925308729869,0.16618649661540985,0.8545364141464233,True,-3.7578147855288933,90.5034206309815,0.5034206309814948,0.9314925308729869,0.9314925308729869
frame_000262,1763366525.0312567,True,851.6183471679688,396.119140625,849.5548706054688,396.3538513183594,-179.4359066164966,3.747306319025199,0.9314447637744934,176.24403689206576,-89.4957709012881,0.931444763774465,0.5042290987119031,0.931444763774465,0.16735419631004333,0.8874661326408386,True,176.24403689206576,-89.4957709012881,0.5042290987119031,0.931444763774465,0.931444763774465
frame_000263,1763366525.1313384,True,851.6212768554688,396.12396240234375,849.5386962890625,396.3642272949219,176.25023007886,0.5583371241701514,-89.10488842090956,-176.24182360667214,89.50039150297494,-89.10488842090956,-0.49960849702506493,0.8951115790904396,0.1670067459344864,0.7992783188819885,True,-176.24182360667214,89.50039150297494,-0.49960849702506493,-89.10488842090956,0.8951115790904396
frame_000264,1763366525.2314165,True,851.6293334960938,396.1206970214844,849.5457763671875,396.34588623046875,0.5613450126229793,3.748582101898478,0.9320464104110897,-3.7571993677291005,90.50141563656653,0.9320464104110613,0.5014156365665343,0.9320464104110613,0.1673666387796402,0.8373855948448181,True,-3.7571993677291005,90.50141563656653,0.5014156365665343,0.9320464104110613,0.9320464104110613
frame_000265,1763366525.3314831,True,851.6124877929688,396.12213134765625,849.5430908203125,396.3692321777344,3.7497927107182534,-0.5631574006357312,90.8950658276849,3.758276844212702,-90.5044308761777,90.8950658276849,-0.5044308761776932,0.8950658276849026,0.16701026260852814,0.7876442670822144,True,3.758276844212702,-90.5044308761777,-0.5044308761776932,90.8950658276849,0.8950658276849026
